min,max,avg,member_casual
-00:58:02,38 days 20:24:09,00:30:28.356751,casual
-00:54:05,1 day 00:59:58,00:13:06.69644,member
